{
      "Car": {
            "010dc146-01d8-4a42-988c-3aadb530359c": {
                  "box": {
                        "top": 648.3719482421875,
                        "left": 212.81594848632812,
                        "height": 104.6315688214022,
                        "width": 134.9554908247688
                  },
                  "not_in_lidar": true,
                  "attributes": {
                        "lane_information": [
                              "None of the above"
                        ],
                        "relative_position": "None of the above"
                  }
            }
      },
      "Bus": {},
      "Truck": {},
      "Van": {},
      "Motorcyclist": {},
      "Bicyclist": {
            "aa4b57c1-5cbd-49c8-826f-9b914077680b": {
                  "box": {
                        "top": 626,
                        "left": 259,
                        "height": 422,
                        "width": 226
                  },
                  "not_in_lidar": false,
                  "attributes": {
                        "lane_information": [
                              "None of the above"
                        ],
                        "relative_position": "None of the above"
                  }
            }
      },
      "Pedestrian": {
            "1db06946-4721-4340-a652-c1dca644a870": {
                  "box": {
                        "top": 643.8411851329604,
                        "left": 1159.2713987728052,
                        "height": 40.09162116253371,
                        "width": 17.503997840796046
                  },
                  "not_in_lidar": true,
                  "attributes": {
                        "age": "Adult",
                        "gender": "Male"
                  }
            }
      },
      "Wheelchair": {},
      "Traffic_Sign": {
            "81b9452d-ddcb-48a8-985d-e0582559484d": {
                  "box": {
                        "top": 251,
                        "left": 74,
                        "height": 189,
                        "width": 204
                  },
                  "not_in_lidar": true,
                  "attributes": {
                        "traffic_sign_type": "Stop"
                  }
            }
      },
      "Traffic_Light": {},
      "Potential_Destination": {},
      "Road_Entrance_Exit": {
            "de026682-436f-48e8-b45d-52618537969f": {
                  "box": {
                        "top": 717.3727416992188,
                        "left": 0,
                        "height": 78,
                        "width": 74
                  },
                  "not_in_lidar": true
            },
            "f7de2441-231b-47be-bdda-63cfefdd5a26": {
                  "box": {
                        "top": 786.447265625,
                        "left": 1865,
                        "height": 53,
                        "width": 55
                  },
                  "not_in_lidar": true
            },
            "3035ef38-0d2b-4336-a081-ea185f4a5046": {
                  "box": {
                        "top": 1134,
                        "left": 942.5181884765625,
                        "height": 74,
                        "width": 91
                  },
                  "not_in_lidar": true
            }
      }
}