{
      "Car": {},
      "Bus": {},
      "Truck": {
            "5d1b5285-74c3-4d46-9f21-6bcbcab3e6ee": {
                  "box": {
                        "top": 620.04309252218,
                        "left": 1007,
                        "height": 89.70189912409647,
                        "width": 64
                  },
                  "not_in_lidar": false,
                  "attributes": {
                        "lane_information": [
                              "None of the above"
                        ],
                        "relative_position": "None of the above"
                  }
            },
            "b9a5b97d-2cbf-4a4c-ae01-9d34cd735338": {
                  "box": {
                        "top": 652.4047558633201,
                        "left": 816.908093191747,
                        "height": 86.99552202191309,
                        "width": 79.06464788256055
                  },
                  "not_in_lidar": false,
                  "attributes": {
                        "lane_information": [
                              "None of the above"
                        ],
                        "relative_position": "None of the above"
                  }
            },
            "6028ecff-d935-4683-94aa-d1176aeb4ba8": {
                  "box": {
                        "top": 634.7045447009857,
                        "left": 986.4028575708905,
                        "height": 53.725173956863934,
                        "width": 36.597142429109454
                  },
                  "not_in_lidar": false,
                  "attributes": {
                        "lane_information": [
                              "None of the above"
                        ],
                        "relative_position": "None of the above"
                  }
            },
            "cbf4b67f-320d-4fbb-84c5-e6ae73d912b8": {
                  "box": {
                        "top": 657.9297968979942,
                        "left": 911.6787963330326,
                        "height": 24.846448219193427,
                        "width": 25.895032964705045
                  },
                  "not_in_lidar": true,
                  "attributes": {
                        "lane_information": [
                              "None of the above"
                        ],
                        "relative_position": "None of the above"
                  }
            },
            "99d349e5-c477-4444-872c-23dd2321c5d8": {
                  "box": {
                        "top": 652,
                        "left": 958.4134139111477,
                        "height": 26,
                        "width": 24.008766119472426
                  },
                  "not_in_lidar": true,
                  "attributes": {
                        "lane_information": [
                              "None of the above"
                        ],
                        "relative_position": "None of the above"
                  }
            }
      },
      "Van": {
            "d1c17063-5c37-486d-bd51-be84ff5fec08": {
                  "box": {
                        "top": 659.8092133931473,
                        "left": 963.7764659576688,
                        "height": 22.326930709072904,
                        "width": 20.8093892267598
                  },
                  "not_in_lidar": true,
                  "attributes": {
                        "lane_information": [
                              "Go forward"
                        ],
                        "relative_position": "r1"
                  }
            },
            "29e31dfe-591a-4bd9-a49e-d6517e408b47": {
                  "box": {
                        "top": 666.2179565429692,
                        "left": 683.209921562884,
                        "height": 60.23029698433652,
                        "width": 120.77821991892131
                  },
                  "not_in_lidar": false,
                  "attributes": {
                        "lane_information": [
                              "None of the above"
                        ],
                        "relative_position": "None of the above"
                  }
            }
      },
      "Motorcyclist": {},
      "Bicyclist": {},
      "Pedestrian": {
            "69978b1a-f736-4a84-9ee4-74fd401a041c": {
                  "box": {
                        "top": 668.3697477238859,
                        "left": 550,
                        "height": 237.95707398485047,
                        "width": 67.99093497015588
                  },
                  "not_in_lidar": false,
                  "attributes": {
                        "age": "Senior",
                        "gender": "Female",
                        "potential_destination": "627b3756-c31e-4d65-b78d-f1347edd60fd"
                  }
            },
            "771c3c89-16c7-4361-a19c-3e398c3a054c": {
                  "box": {
                        "top": 654.2473126901832,
                        "left": 461,
                        "height": 272.4355330820821,
                        "width": 101.18359063953051
                  },
                  "not_in_lidar": false,
                  "attributes": {
                        "age": "Adult",
                        "gender": "Female",
                        "potential_destination": "c96104dc-9ed3-4932-b15f-1602e90a230d"
                  }
            },
            "3fb09969-3619-40ec-bba1-4322b27845ef": {
                  "box": {
                        "top": 662,
                        "left": 892,
                        "height": 54,
                        "width": 16
                  },
                  "not_in_lidar": false,
                  "attributes": {
                        "age": "Adult",
                        "gender": "Male"
                  }
            },
            "b1e38385-892c-496f-b1fe-532b9024b042": {
                  "box": {
                        "top": 670,
                        "left": 592,
                        "height": 156.76953452909007,
                        "width": 67
                  },
                  "not_in_lidar": false,
                  "attributes": {
                        "age": "Adult",
                        "gender": "Female",
                        "potential_destination": "c7523950-98ce-42c4-9d27-f0850412e7f4"
                  }
            }
      },
      "Wheelchair": {},
      "Traffic_Sign": {
            "88718597-49e1-4d6b-9871-77e9ec816480": {
                  "box": {
                        "top": 460.1501572173819,
                        "left": 559.6689445373296,
                        "height": 49.10087123725074,
                        "width": 49.22104907653584
                  },
                  "not_in_lidar": true,
                  "attributes": {
                        "traffic_sign_type": "Other"
                  }
            },
            "19783734-7af3-4f39-8f3b-62692712b771": {
                  "box": {
                        "top": 553.4321054062066,
                        "left": 1821.0487154328018,
                        "height": 50.796629483852016,
                        "width": 45.536131974445986
                  },
                  "not_in_lidar": true,
                  "attributes": {
                        "traffic_sign_type": "Other"
                  }
            },
            "4d608d95-f5ea-4b2d-899a-2b9c6c7b6c30": {
                  "box": {
                        "top": 483.9431457519531,
                        "left": 1821.8807373046875,
                        "height": 43.68370884836752,
                        "width": 42.611846616092976
                  },
                  "not_in_lidar": true,
                  "attributes": {
                        "traffic_sign_type": "Other"
                  }
            }
      },
      "Traffic_Light": {},